,recon_loss,sindy_loss_ddx,sindy_loss_z,sindy_regular_loss,tot
0,0.19445450588109645,2.2655544547324484,1.3140467353006626,4.9810826778411865,0.19570279636598648
1,0.03290894259005151,3.179495450029982,0.27137189398103573,4.950865431034819,0.034561767619340975
2,0.00696425776968294,1.628158727858929,0.12579194028326807,4.922666514173467,0.007833853413529218
3,0.006248390475446557,1.4759966616934919,0.09948165270876377,4.89448385035738,0.007040307758019325
4,0.005504248455721647,1.486967996079871,0.11090667878693723,4.866304950511202,0.0063019408794872936
5,0.004620703135399108,1.5086021169703057,0.08391783766924067,4.838120597474118,0.005427581322518118
6,0.00416744325527961,1.521390989739844,0.08300171241639777,4.809932860922306,0.004980388211403439
7,0.0038307173390615176,1.5246417002475008,0.07837498948929157,4.78174390691392,0.004644774395893229
8,0.0035311771789565682,1.5322199337025906,0.08236423816452636,4.753553872412824,0.004348940924404466
9,0.0032715711450362777,1.5424782557690397,0.080016161097174,4.72472361300854,0.004094058325751982
10,0.0030288180420571503,1.5483562489773364,0.07916423694250431,4.69495726646261,0.0038539040065865885
11,0.002834030701976983,1.5540431344762762,0.07324410372592033,4.665384424493668,0.003661368371661198
12,0.0026762850874876404,1.5566383638280503,0.07343255217246553,4.63546428274601,0.00350463057699752
13,0.0025557715153480148,1.5555140502909397,0.04946877177249878,4.606063888428059,0.0033820626657812838
14,0.002451235616698544,1.5541707543616599,0.05194468532708731,4.57686972618103,0.003276686954430919
15,0.0023520108252922272,1.5502409491133182,0.05577507852873904,4.547522565151783,0.0031753953055855123
16,0.0022686520526978247,1.5497550393672699,0.05463993585014597,4.517437539202102,0.0030914359587304137
17,0.0021988670019670686,1.548963781366957,0.05358799245763332,4.4860480846242705,0.0030208888062414653
18,0.002129063614584664,1.547852930870462,0.05567651424319186,4.453897643596568,0.0029503129140295565
19,0.002059105945939317,1.547423632855111,0.05138167899419019,4.422345024474124,0.002879610337178282
20,0.002001837260050184,1.5463124602398974,0.049661227442482685,4.39176495531772,0.0028213942373924434
21,0.0019511229735105595,1.5447038196502847,0.05190604786448022,4.360518191723114,0.0027696754327638353
22,0.0019053908367145885,1.5474727153778076,0.05800839545244866,4.328931813544416,0.0027253169670423613
23,0.0018653684924852024,1.5441979486891564,0.05985904033196733,4.297443171764942,0.0026834348979544766
24,0.0018089627822306246,1.542475720669361,0.06314125779936923,4.265630508990998,0.0026260140782935503
25,0.001775628648093961,1.5442706587466788,0.060728191497161035,4.23387171867046,0.0025931391419169118
26,0.0017498512294123623,1.5423501146600602,0.05561805246992314,4.2021142269702665,0.0025658283699700173
27,0.0017262870096601546,1.5410747185666511,0.060281560340143266,4.169528342307882,0.0025415337703963542
28,0.0016943521901687725,1.540258413933693,0.049996828898153406,4.137223355313565,0.002508353508830546
29,0.0016586158147200625,1.5399891784850588,0.05652332111717539,4.1047733692412685,0.002472484328268849
30,0.00163031017848667,1.5390823483467102,0.07632034779229063,4.071343472663393,0.0024443808398110435
31,0.0016076764441095293,1.5385626541807296,0.08411835902865897,4.0391277911815235,0.002421554995383671
32,0.0015702786684492008,1.5357091946804777,0.07297194412255541,4.005704831569753,0.002381838942342933
33,0.0015475488394161964,1.5356660510631317,0.07445494121217981,3.9726106562512986,0.0023588307667523623
34,0.0015222244336210349,1.535074860491651,0.06811642840980216,3.9405770504728275,0.0023325734766834277
35,0.0014936236139545416,1.5344455356293536,0.06999761092060423,3.9081334636566485,0.002303427635157045
36,0.0014831336088815426,1.5353683651761805,0.07507878458721841,3.875717467450081,0.002293328942849915
37,0.0014604545369288548,1.5329667380515566,0.06393813512268219,3.843243789165578,0.002268567272620474
38,0.0014356422817651579,1.533566525641908,0.06931249087953821,3.810006407981223,0.002243991279875503
39,0.001412487067430815,1.5290571413141616,0.062445766233066295,3.778185824130444,0.002217919830767874
40,0.0013961680666939851,1.5308464169502258,0.06193378195166588,3.7455347573503537,0.0022021433526768965
41,0.0013833801866449573,1.529521977647822,0.05620799419727731,3.7138780659817634,0.002188090388564036
42,0.0013592224085128845,1.5265905768313306,0.05212883677016547,3.682251975891438,0.0021619466752646134
43,0.00134566843638474,1.5276374157438888,0.05504998523107869,3.6488091362283583,0.002148727791017278
44,0.0013279211645490154,1.5263004607342658,0.05918883813664,3.6149388221984213,0.0021301802530131757
45,0.0013117913993947366,1.5250043082744518,0.0593254962103798,3.580997330077151,0.002113069843580114
46,0.001293155711461255,1.5237309894663222,0.051837257961643506,3.54824871205269,0.002093095615991649
47,0.0012823499397354875,1.5233269384566774,0.054594291374087334,3.5156194301361734,0.0020818993637457175
48,0.0012600693425678826,1.521738478477965,0.057195220320941285,3.4838915479944106,0.0020586372962459287
49,0.0012594977693453906,1.5198330181710265,0.05107212569960888,3.4524693894893566,0.002056492627548807
50,0.0012474254496950418,1.5190915338536526,0.049501361721690666,3.4204860646673976,0.002043651174159443
51,0.0012242870226977988,1.5186857834775398,0.05025836956152256,3.387175942989106,0.002020014639438546
52,0.001219046361585881,1.5169363199396337,0.04908273083732483,3.3550654294642994,0.0020135193332494732
53,0.0012166452547039915,1.514417087778132,0.04887507544790811,3.32266680991396,0.0020095242553965207
54,0.0011826133698551976,1.5126591362851731,0.047488868196911,3.290324571284842,0.00197422066505285
55,0.0011694710354934982,1.5114885746164526,0.04416465210391486,3.25820980427113,0.00196000569787352
56,0.0011657209673084001,1.512273556374489,0.047896171503878655,3.225112237828843,0.0019565037020700094
57,0.0011379938929321918,1.5114940633165075,0.049270533223418476,3.193235506402685,0.0019281368412850225
58,0.001132226936107977,1.509620669040274,0.051603628520635846,3.161789782503818,0.0019212353843303912
59,0.0011291991314910195,1.5076227467110817,0.046348437270585525,3.1315496804866383,0.0019166434587455019
60,0.0011112261836000897,1.508537547385439,0.044872270718692465,3.100851299914908,0.0018987471257594037
61,0.001115382073739385,1.5070162783277796,0.05216891413673441,3.070436733834287,0.001902203050818532
62,0.0010979429291105493,1.5084251393663122,0.05232168591402946,3.0393810094671045,0.001885165439353899
63,0.0011008303151763183,1.5048700127195804,0.049876329033298694,3.0071025072260107,0.0018858301857030615
64,0.0010882182228824798,1.5016955149934648,0.05141989565751654,2.976398858618229,0.0018714009994700393
65,0.0010745046199596626,1.501393031566701,0.05342631501720307,2.9452438075491725,0.0018573249331081008
66,0.0010738717354933157,1.5025463801749208,0.060767611924638136,2.914016662759984,0.001857323524978091
67,0.0010598619174994924,1.500505617324342,0.05917677612222256,2.8836983670579626,0.0018419105685910488
68,0.001047595826403654,1.4982633806289511,0.05689695338778039,2.8536795656731786,0.0018281091891348045
69,0.001039774906375703,1.4988946851263656,0.05274095964875627,2.8230622905365963,0.0018200899617984256
70,0.0010291116932615084,1.4989673343110592,0.05494075890709745,2.7931335834746664,0.0018092737696628939
71,0.001021875183102972,1.4968310949650216,0.05502840622942498,2.763019949831861,0.001800672391409728
72,0.0010076964731040867,1.4939314139650224,0.053151495120626814,2.732489768494951,0.001784644690292709
73,0.001000592127155037,1.4953224823829976,0.058111530431407564,2.702751195177119,0.001778186502014386
74,0.0010001587525426232,1.4957271002708596,0.05940916040476332,2.6732905418314834,0.0017777256979706123
75,0.0009995524832196138,1.4946707106651145,0.06514846596946107,2.643264154170422,0.0017765779432127292
76,0.00099192558728317,1.492743102793998,0.06295598429092701,2.612948346645274,0.0017675744540533646
77,0.0009788579432581095,1.49313293365722,0.06356714701557413,2.5828654918264835,0.0017544314676420168
78,0.0009658267093634114,1.4926979744687994,0.06472962971855985,2.5537983584911266,0.0017409502030746576
79,0.0009631169452133806,1.4925200571405126,0.06966202250344956,2.5241971269566963,0.0017381020824107877
80,0.0009547038198240656,1.4903663422199005,0.06137912557955752,2.494407648735858,0.0017279000603593886
81,0.000955059248186212,1.489017150503524,0.05678589519192564,2.465204330200845,0.0017270591937282936
82,0.0009509193800151982,1.4889911540011143,0.05826972421020903,2.435370336187647,0.0017226821782582618
83,0.0009214701898831953,1.487071246542829,0.07343636282739487,2.4053933975544384,0.0016927316071505241
84,0.0009286129120192391,1.4861631089068474,0.06904731385726878,2.374462548722612,0.0016988914848820485
85,0.000924081319294117,1.488028311983068,0.07049032673239708,2.3447546679922877,0.0016950675747060078
86,0.0009116575826563813,1.4862391631653968,0.07119495520724896,2.314433534094628,0.0016814812837029867
87,0.000908263971994413,1.4857170949590968,0.06515449959229916,2.284858523531163,0.001677228859873449
88,0.0009034196152649028,1.4845291249295498,0.07509206219556484,2.2553402540531566,0.001671992206420908
89,0.0008961042814065722,1.4839546211222385,0.07136726636994392,2.2259249129193894,0.001663909240457368
90,0.0008908125901337158,1.482868804576549,0.08121286098785857,2.1958213841661496,0.0016582658900780247
91,0.0008886438432803497,1.4820992705669809,0.08216880773134688,2.165933466972189,0.0016554612852137615
92,0.0008789886010840456,1.4823824458933892,0.08147190174365297,2.1362952323670084,0.0016456164129851187
93,0.0008645716774713327,1.4815632650192747,0.09662725899289264,2.1065706268269966,0.0016312504080718661
94,0.0008676479585429138,1.479771948875265,0.08511236349635935,2.0771207936266634,0.0016325607962728022
95,0.0008607585245664132,1.4777574919639749,0.07986807894516498,2.047875921776954,0.0016241094637464018
96,0.0008455783548576638,1.4785346109816369,0.08103649163658315,2.018489786919127,0.0016090824191973723
97,0.0008409843721892685,1.4764682790066332,0.08266807803289687,1.9888515700685216,0.0016032404679943747
98,0.0008343091040126424,1.4757309796962332,0.08131793502004857,1.9585924947515447,0.001595826448000809
99,0.000832737668075579,1.476246954278743,0.08967849429934582,1.9293752173159986,0.0015946388569105655
100,0.0008226289200854111,1.4658847730210487,0.09101449535723696,1.899439164932738,0.0015791164626902405
101,0.0008149825462556266,1.4667378981062706,0.1037530816615896,1.8693996858089528,0.0015722331813873445
102,0.0008030982664538587,1.46641347382931,0.10424513512469352,1.840598483034905,0.0015599232791189818
103,0.0007954477704070667,1.4671507858215493,0.10874118497397037,1.811348466162986,0.0015525737457829428
104,0.0007898472299046338,1.4694729143000664,0.12546632137704403,1.7827696787550094,0.001548684739626627
105,0.0007910378056855753,1.4697975148545934,0.11723893547945834,1.753764626827646,0.0015493361824291184
106,0.0007866456871852279,1.4684251331268472,0.10350952780944236,1.729445938100206,0.0015433282266925782
107,0.0007782518019047665,1.4683048839264727,0.11954724741108874,1.7262830493297983,0.001535644457536809
108,0.0007686272351457638,1.469605989912723,0.10909817811656505,1.7255363920901685,0.0015261405546396496
109,0.0007699244783230205,1.4698005825915235,0.11995644431481971,1.724481980851356,0.0015280674288465463
110,0.0007716064636119978,1.4699848281576278,0.11586983660434155,1.7226240203735677,0.0015296186493868207
111,0.0007587819697057948,1.4699951486384615,0.11833018872966157,1.7222016403015623,0.0015169181377983631
112,0.0007667407446709323,1.4693167323761798,0.12481688549543948,1.7216700974931107,0.0015248566843628726
113,0.0007490577074659473,1.47074759894229,0.12307919181407766,1.7210299017581534,0.0015077958146030915
114,0.0007504852912190588,1.4712453116761877,0.12360626039035777,1.7205355611253292,0.0015094936763411983
115,0.0007415187967435873,1.4702085941395862,0.125142273750711,1.7198335046463824,0.0015000785785192188
116,0.0007320839268938103,1.470859930870381,0.12842729560872343,1.7183668435888086,0.0014911189556438872
117,0.0007292875200212794,1.4710177195833085,0.12721424930273217,1.7171332950287677,0.0014883284518950955
118,0.000729485398822246,1.469867930767384,0.1181856853530762,1.7158852917082765,0.0014874875295332612
119,0.0007316571340816927,1.4728750713328098,0.12721486595716883,1.7152266477016693,0.0014916077290879602
120,0.0007202218372146897,1.4718487110543759,0.11768625430921291,1.7142758128490854,0.0014791733032944513
121,0.0007133841572795063,1.4717780186774883,0.11602936883239036,1.7126804488770506,0.001472201476993158
122,0.0007045173911040926,1.4727255752746096,0.12581728081753912,1.7106389289206647,0.0014642774650054252
123,0.0007005268175333262,1.4728074466928522,0.12678270826631405,1.708981141130975,0.0014603595284031743
124,0.0006949376269055411,1.4716674228931994,0.12173052813778533,1.7079935466989558,0.0014539378115590266
125,0.0006994792251560361,1.4724367349705798,0.13084775502694415,1.7071560278851936,0.001459311589876071
126,0.0006937160765989981,1.4728414200721902,0.12772057593819944,1.7064231887776802,0.0014535870831558838
127,0.000683239467338005,1.4727303258916165,0.13050319412921338,1.7046129602067015,0.0014431759680403357
128,0.0006923267650021676,1.4729211241640943,0.1331985338412701,1.7026883693451578,0.0014524741415330705
129,0.0006878949847924423,1.472692700142556,0.12817698083025345,1.7011903384898572,0.001447662134020728
130,0.0006691987181647106,1.473373164521887,0.12893221987054704,1.6992735279367326,0.0014293246736571668
131,0.0006765560544234641,1.4733766330049394,0.12358186671391447,1.6967100336196574,0.0014363905932615571
132,0.0006738574933904678,1.4737825482449634,0.11655503455945786,1.6953535232138126,0.0014335300941812866
133,0.0006569905052991941,1.4724058813237129,0.10907124577367559,1.69364396054694,0.0014155834796838462
134,0.0006568201085641743,1.4729801048623754,0.11315774394476667,1.6913285027159022,0.0014158813642001057
135,0.0006559459069010584,1.4732331100930558,0.12048073208078425,1.6898546168144712,0.001415485075298459
136,0.0006404134148900258,1.47339417832963,0.14404425643225935,1.6872468299054084,0.0014011852190572215
137,0.0006437348028486396,1.473676415199929,0.1269603691044006,1.6854468114832615,0.0014037755392293664
138,0.0006372158841646098,1.473800612256882,0.11298010117830114,1.683861235354809,0.0013966038377281832
139,0.0006311332083683698,1.4745321159667157,0.11828795122973462,1.6814418409733063,0.0013911281080738185
140,0.0006268616280260872,1.474315530442177,0.10270660727265034,1.678862695998334,0.0013859433808086558
141,0.0006330431162805712,1.4746770389536594,0.10765653103590012,1.676979384523757,0.0013925342924615486
142,0.0006370162925722593,1.473923887344117,0.121941403030081,1.6746969857114427,0.0013968223084180437
143,0.0006156240588678245,1.4742644657479955,0.12746438661471327,1.6715110933527033,0.0013758446513477
144,0.0006113466032671722,1.474469557721564,0.11236633114675258,1.6688227754958131,0.001370887954451857
145,0.000606590492447759,1.4746420205907618,0.11666114715502617,1.6660965947394675,0.0013664055682540415
146,0.0006061007774638091,1.4747533557262826,0.11558100113526304,1.6634574710054602,0.00136589110293921
147,0.0005981675166502952,1.4750175120982718,0.12289117458969989,1.6614045665619221,0.0013584349170683862
148,0.0006042307544935573,1.475314381274771,0.1109417735579166,1.6590186611134956,0.0013640252588455505
149,0.0006055641433897805,1.4751897124533957,0.11129450076755057,1.6549864094308082,0.0013652736236876312
150,0.0005938645177941889,1.4752632075167718,0.1129013775510991,1.652476136988782,0.0013536659881789633
151,0.0005856632060579401,1.4748315430702048,0.11660998703000393,1.6498504839044936,0.0013454080128328914
152,0.0005892427267254073,1.4747421576621684,0.11128108504604786,1.6477496509856366,0.0013486554033737233
153,0.0005862557005999174,1.4753628588737326,0.11453039468602931,1.6454708360611123,0.0013461184063728185
154,0.0005794393023763328,1.4757073356750163,0.11319910774522639,1.6428249021793933,0.0013393811990526762
155,0.0005768931881361145,1.474723568622102,0.11564372630512461,1.6407611890042082,0.0013364447984210354
156,0.0005728147321435168,1.4751026909402076,0.11863541119593254,1.63878655180018,0.001332685763779235
157,0.0005653807586876358,1.475841519680429,0.11404980798351004,1.6364160205455536,0.0013253682075028725
158,0.0005554207588268563,1.4753448506619067,0.11455119385364208,1.6334076878872323,0.0013151548609652735
159,0.0005595677744651689,1.4758114320166567,0.11763769483312647,1.6305036658936358,0.0013196604559198022
160,0.0005656850875350349,1.4754765617086532,0.11619142474646264,1.627309596284907,0.0013255060717285154
161,0.000559446977159167,1.4745468636776538,0.11233884318077818,1.6240478715998061,0.0013185778640190814
162,0.0005521124852400154,1.4743712113258687,0.11046854818755007,1.621273140958015,0.001311034293587696
163,0.0005539153000349773,1.4746229585180892,0.10631705566923669,1.6186261050244595,0.001312728920466009
164,0.0005595821034574405,1.475393646575035,0.10480620656558808,1.6166024423660117,0.001318685301738058
165,0.0005535232253060577,1.4752684577982476,0.10713416072440908,1.614411710424626,0.00131265831333486
166,0.0005454299451307731,1.4749625223748228,0.1110467145893168,1.6118626962316798,0.001304582214636847
167,0.0005371599805546291,1.4752388418988978,0.11839461913134189,1.6098677110164723,0.0012967978316814975
168,0.0005485499754518349,1.4749140473122293,0.11278447492959652,1.6070663206120754,0.0013077169040000027
169,0.0005528126398046956,1.4750465890194506,0.11761934096191792,1.6055736617839083,0.0013122726888197692
170,0.000541438919521789,1.4756097768215424,0.11406402900180918,1.6040059809989118,0.0013009870989604832
171,0.0005430266381231474,1.4749505545230621,0.11857129268823786,1.6011867599284395,0.0013024423722217374
172,0.000542391330298492,1.4746866505196754,0.11467305729363828,1.5993178829233696,0.001301461511212302
173,0.0005310651792976213,1.4757139670087935,0.11436679198386822,1.596996416436865,0.0012906104947955526
174,0.0005338945834119705,1.4753161567322752,0.11613693651049695,1.5949953553524423,0.0012933094886706231
175,0.0005258812653916353,1.4750995864259435,0.11494319862190713,1.5933475012474871,0.0012851117297689966
176,0.0005221314997006049,1.4745075030529753,0.10691712717426584,1.5921002322054925,0.0012806521374435025
177,0.0005224258936149009,1.474914403671914,0.10935362903995717,1.590323954186541,0.0012812540442880957
178,0.0005246769903757748,1.4745664609239457,0.11216261665871803,1.5887951128026272,0.0012834563521925914
179,0.0005298510393216969,1.4751764967086467,0.10842626795489738,1.586915449893221,0.0012887297866945255
180,0.0005228532047228927,1.475020149920849,0.11153918393748871,1.5852165222167969,0.001281792437905406
181,0.0005290981569758399,1.4748429579937712,0.11405159081233308,1.5829428814827127,0.0012880516884987182
182,0.0005178424493196678,1.4745273133541674,0.11332141338510716,1.5808859328006177,0.0012765810676315364
183,0.0005220085397323078,1.474284031289689,0.11362706156487161,1.5787124088469973,0.0012806190606305732
184,0.0005205025833887742,1.4746423186139856,0.10991914768485313,1.5767746897453958,0.0012790874870335484
185,0.000519174098487983,1.474408284146735,0.11310597001872164,1.574899618930005,0.0012777825753065818
186,0.000530391886639607,1.474700746384073,0.1067736583187225,1.5728411978863654,0.0012888093800977507
187,0.0005176388754563882,1.4755066113269075,0.10715182712103458,1.5711465427216063,0.0012764612725499939
188,0.0005119550719911709,1.4756657608011936,0.1138508087618554,1.5679575559940744,0.0012711601175783955
189,0.0005152318344892379,1.474107285763355,0.11415139165647487,1.5655314009240333,0.0012736483997209593
190,0.0005134151263306155,1.4751803431105106,0.10725242367133181,1.5623169985223324,0.0012719911223455789
191,0.0005105496003376716,1.4748036747283124,0.10544880856066308,1.56079005434158,0.0012688318260033872
192,0.0005071122822242769,1.4749021682333439,0.11034651433533811,1.5594239869016282,0.0012656749607598845
193,0.000503596663970421,1.474431112725684,0.10163341121787721,1.5578409522137744,0.001261472349065019
194,0.0005115742935734662,1.4737827422771048,0.1029966080442388,1.5554623692593676,0.0012691701574132164
195,0.000505876768271419,1.4749389924901597,0.1130268032801278,1.553033103334143,0.001264527956509289
196,0.0004997950547592754,1.4745020485938864,0.11615803592065548,1.5507958620152575,0.0012583619694502906
197,0.0005022975516460955,1.475525885186297,0.11435157663010537,1.5482453640471114,0.0012612605660638594
198,0.0004987167946850643,1.4746041767140652,0.11737035983737479,1.5460163633874122,0.0012573475956896994
199,0.0004949632668595246,1.4748022480213896,0.10508227498924479,1.5439252168574231,0.0012530577814880205
200,0.0004976716615814478,1.4740649258836787,0.10887077934247383,1.542130151961712,0.0012555689863028362
201,0.0004885243292169724,1.4733380117314927,0.10898699020927256,1.54072046533544,0.001246049923406161
202,0.000500609574993042,1.4745405176852613,0.1158532035794664,1.5383120458176796,0.0012590556586299963
203,0.000493252185480471,1.474607695924475,0.10471672009914479,1.5367673736937502,0.0012511595776502757
204,0.0004882723807624759,1.4743307892312394,0.11580005985625247,1.5352306201102885,0.001246580114697126
205,0.00048785082137638185,1.4745686688321702,0.10883059075221102,1.5336423985501553,0.0012459131589337708
206,0.0004986169310831564,1.4744928720149588,0.11077092492834051,1.5312873277258365,0.0012567148363079005
207,0.00048743907834076264,1.4747259756352038,0.11594483256340027,1.529483604938426,0.0012458941782824695
208,0.00048272329118806233,1.4743836750375463,0.1208488847664062,1.5274507859919935,0.0012412321198969445
209,0.00048183345086030426,1.474301536032494,0.11904110711939792,1.5258788225498605,0.0012401950909716494
210,0.0004770298295857464,1.475153053060491,0.11458381994607601,1.5245915067956803,0.0012355814886061435
211,0.00048271440956592954,1.4751159853123603,0.1185462864789557,1.522919497591384,0.001241428967060006
212,0.0004733060848864509,1.4742891687027952,0.11055510158234454,1.5209977322436394,0.0012311884301139952
213,0.00048726064244661717,1.4742882606831003,0.11502953777287869,1.5189608994950639,0.0012453459091781778
214,0.0004743943315995064,1.4747770580839603,0.11349094670979266,1.5168025379485273,0.001232625471992775
215,0.00046574286441566383,1.4740981434253937,0.11849017187635949,1.5145068967596014,0.0012238615618503474
216,0.0004744587129878594,1.474628542331939,0.11817390772890538,1.5113868510469477,0.0012327955869779466
217,0.0004786516297014153,1.4743953740343134,0.11807140287883738,1.509798561004882,0.0012368508911830313
218,0.00046929442559051865,1.4751853156597057,0.11833960071523139,1.5078777987906273,0.0012278828814506848
219,0.00047488240407472673,1.474330298444058,0.12431134790816206,1.5053021425896502,0.0012333161826740872
220,0.00046640224234656766,1.4744277774019445,0.11768834974537505,1.5037461088058797,0.001224538038900875
221,0.00047678786746047915,1.4745281148464122,0.11194959734665587,1.502560793085301,0.0012346750380411902
222,0.0004659726995320872,1.4742487681672929,0.10623001081353807,1.500604161556731,0.0012234146533375407
223,0.0004668438149507138,1.4741057981836034,0.10774682057981795,1.4991720356839768,0.0012242757910961642
224,0.00046768752911296535,1.4740180588783103,0.11108298314378616,1.4976426007899832,0.001225227164352273
225,0.0004750461790690872,1.4744600323920554,0.10915750590093592,1.4958579058342791,0.001232692691933443
226,0.00047180923835146536,1.4731782421152642,0.1110482800831186,1.4944770640515266,0.0012288955696660312
227,0.000466093737099498,1.4734451250827059,0.10870184099420588,1.4916876617898331,0.0012231683110857897
228,0.00047681812460762153,1.473920448029295,0.11297701481491962,1.488374853387792,0.0012343109776067765
229,0.00045938717549359623,1.4750738879467578,0.11654328760948587,1.4853789641502055,0.001217605105224759
230,0.0004526692036380793,1.4734360182538946,0.12009234718502836,1.4831853927449976,0.0012102237248674352
231,0.00045517313806835483,1.4736352486813322,0.12640684161414492,1.481890930774364,0.001213130063719136
232,0.0004611685608905007,1.4739723662112623,0.1268758422675285,1.480449010717108,0.0012193030660397352
233,0.0004574095228429329,1.473698356050126,0.12400008833154719,1.4785472433617775,0.0012152441925904218
234,0.00045849523938043004,1.4734533251600062,0.11671684832966074,1.4767237610005317,0.0012158250195925381
235,0.00045911200961316044,1.4739260635477431,0.11557423826703365,1.4746656316391966,0.0012166004465704666
236,0.0004529334246205721,1.4736732891265383,0.11642647415716598,1.4734137451395075,0.0012103255684586599
237,0.00045370137253330345,1.4739329256909959,0.121665746766202,1.470528322331449,0.0012114564368025736
238,0.00045316653329869136,1.473161631442131,0.11383331265855343,1.4678809630109908,0.0012101178438937727
239,0.00045486161562098944,1.4733353295224778,0.11992422095004548,1.4658948094286817,0.00121218447097914
240,0.00045386185043521147,1.4735493495109233,0.11821053636834976,1.4635786756556084,0.0012111828694655064
241,0.0004469512694297319,1.4739064624968996,0.12081727322111739,1.461239310021096,0.0012045577862002748
242,0.0004451222961738785,1.4743261946008561,0.11739868306099101,1.4581896447120828,0.0012027372524360234
243,0.0004520036649835752,1.474243869172766,0.1329320177752921,1.454879159623004,0.0012103210381687955
244,0.0004529944089107572,1.4729853462665639,0.12896361566604453,1.4516320165167464,0.001210451612813755
245,0.0004509986874256085,1.4736204362930136,0.131100520967169,1.4494873741839795,0.0012088588320035884
246,0.0004493554216869017,1.47371355396636,0.14814822772081862,1.4478051205898852,0.001208097716060249
247,0.00044467734102347984,1.4726085853069386,0.13568804579529356,1.4460878904829635,0.0012022269334881863
248,0.00044283305327011706,1.472700962994961,0.1272850215752074,1.4446612076556429,0.0011999944232384417
249,0.0004373846044318077,1.4731614209235984,0.12645253055590264,1.4422015040478808,0.0011947099874885952
250,0.00044415860952056466,1.4723449805949598,0.12513767063934753,1.4393696328426928,0.0012009817069059516
251,0.00044304974707824355,1.4727805688026103,0.1313844716295283,1.4365508049092395,0.0012003747954409808
252,0.00043809209068484126,1.473006878761535,0.1304944251921583,1.434444672249733,0.0011954647327892165
253,0.00043807378561394486,1.4737172456497842,0.12988703365021564,1.431951564677218,0.0011957463080142724
254,0.0004317955407462618,1.4727218975412084,0.12682992806459994,1.4289746119620952,0.001188787762348124
255,0.00043102178042704994,1.472783313152638,0.12951323643643806,1.42582191431776,0.0011881473449435324
256,0.00042953454032342166,1.472965879643217,0.13803213414676646,1.4224904407846166,0.0011871440232077495
257,0.00043198963078581033,1.4726521854705,0.1337627885823554,1.4196159078719768,0.0011892000490680654
258,0.00042780417641822963,1.4725736493759967,0.12325254185719693,1.416883297423099,0.001184422498014062
259,0.00043049926294925367,1.4721830715524389,0.12359919288056961,1.4138696092240355,0.0011869094847265552
260,0.00043256054731442573,1.4722653513259076,0.12490787856439327,1.4115901246983955,0.0011890545447773122
261,0.0004315907692913204,1.47278031389764,0.12387582532902981,1.4098036783806822,0.0011882727911220268
262,0.0004258520701191725,1.4727770597376721,0.12385565763775339,1.4081426795492782,0.001182514829858345
263,0.0004290638765830428,1.4736502208608262,0.12547088152867683,1.4059459858752312,0.0011862220219088758
264,0.0004260187369196656,1.4726883464671197,0.12150483205914497,1.4034021674318518,0.0011824722107044085
265,0.00042740453314531516,1.4720691797581125,0.1212039218938097,1.401584344975492,0.0011835151966264907
266,0.00042776834062409607,1.472347930390784,0.11515336348972421,1.3998739465754082,0.0011836987439582639
267,0.0004187397370263538,1.4724504668661889,0.11472052882643456,1.39796171543446,0.0011746806384837056
268,0.0004224464315252299,1.473376437704614,0.11120110575823074,1.3952633624381208,0.0011786473766365584
269,0.00042057432081956574,1.472084196324044,0.11054894985987786,1.39257268956367,0.0011760696181730228
270,0.00043114029865543496,1.472120387757078,0.11315523951928666,1.3903710334858996,0.0011867619964214874
271,0.0004198525854549866,1.4719330757222278,0.11325357101382093,1.3886273617440081,0.0011753681019206154
272,0.0004152374201518622,1.4718627320959212,0.11386709208501146,1.3864344726217555,0.0011707265289163495
273,0.00041766957308046835,1.4726593342233212,0.11889117908604602,1.3843883377440431,0.0011737877137691496
274,0.0004130527869416797,1.4722582976868812,0.1278332403682648,1.3816096782684326,0.001169389739206576
275,0.00041388408243755233,1.4727793272505416,0.12557141530386945,1.378734625400381,0.001170339701236523
276,0.0004119909247086245,1.4726785522826173,0.13299456500309578,1.3765430539212329,0.0011687453965002553
277,0.0004125929959588981,1.4719655386945034,0.12803136089697797,1.3739512955888789,0.0011687168927040903
278,0.0004115826122096165,1.4716426882338016,0.12403236250294015,1.3711723013127104,0.0011673173359397085
279,0.0004134590002495122,1.4715406958093034,0.1271945263477082,1.367601399726056,0.0011692651283699384
280,0.00040860539407499056,1.471629632280228,0.11323669489393844,1.365535375919748,0.0011637374440435955
281,0.000409455746387508,1.4713151886108073,0.11613301092639883,1.3629774324437405,0.0011645498186439037
282,0.0004168523009866476,1.4723332955482158,0.12019841349188318,1.3612397452618212,0.0011726413033605414
283,0.0004113998079543656,1.4709798072246796,0.12127709087539226,1.3593249561938834,0.0011665468559937274
284,0.0004124850687382624,1.4724416174787156,0.13585509240944335,1.3564793683112937,0.0011690634660710124
285,0.0004089035222584263,1.4716775785101222,0.13427537322995511,1.3536179953433098,0.0011649922916091026
286,0.00040283719631298347,1.4712523830697892,0.12958379517844382,1.3510828601553084,0.0011584534188435274
287,0.00040854439740019673,1.4706286800668595,0.12493883739126489,1.3481909911683265,0.0011635876082359477
288,0.00041401058688086083,1.470648430763407,0.12460583178920949,1.34514689572314,0.001169016595900138
289,0.0004071478996341652,1.4704446475556556,0.13531442351163703,1.3430757522583008,0.0011625667084057994
290,0.00040410318600132746,1.4702136732162314,0.14444617158237924,1.3406138115740838,0.00115983849366572
291,0.0004047571196582446,1.470685473147859,0.1368108150806833,1.3378106216166883,0.0011603185409144994
292,0.00040825695930137994,1.4714153396322371,0.12439067202045563,1.33491606027522,0.0011635333494075196
293,0.00039764875707097667,1.471487158156456,0.1166703943559464,1.3319949761350105,0.001152545844075924
294,0.0004096341392451382,1.4699413395942527,0.11870796899212167,1.3284230967785449,0.001163824475642809
295,0.00040765079369946836,1.4702125762371308,0.12130946769042218,1.3265217923103494,0.001162087812306399
296,0.000399914680375777,1.4707911192102636,0.12480638041458231,1.324754661702095,0.0011547981368803836
297,0.0004032805269123352,1.470960851679457,0.13064059734027436,1.322769895513007,0.0011585207223803044
298,0.0004041467705355125,1.4712454042536147,0.13090396989533243,1.320881725625789,0.001159523533250978
